filter,implementation,mean_seconds,std_seconds
Gaussian,Pure Python,0.5109610600164161,0.0488393925908866
Gaussian,NumPy,0.026936380029655992,0.00933184221012372
Sobel,Pure Python,0.6433140599867329,0.032353699737854354
Sobel,NumPy,0.04599696001969278,0.004138556423457207
Median,Pure Python,0.4171639400068671,0.026836613775397537
Median,NumPy,0.040497059980407354,0.00543814788678485